sitecoreurl,aemurl,aemtemplate,pagegroup,pagetype
/wedo/always-be-there,/en/wedo/always-be-there,Content Hub Article Page,normal,content-hub-article-page
/wedo/liafflipside,/en/wedo/liafflipside,Content Hub Article Page,normal,content-hub-article-page
/wedo/lifeinaflash,/en/wedo/lifeinaflash,Content Hub Article Page,normal,content-hub-article-page
/wedo/our-reason-is-you,/en/wedo/our-reason-is-you,Content Hub Article Page,normal,content-hub-article-page
/wedo/wedofamily,/en/wedo/wedofamily,Content Hub Article Page,normal,content-hub-article-page
/wedo/wedogood,/en/wedo/wedogood,Content Hub Article Page,normal,content-hub-article-page
/wedo/wedohub/do-health/3-chronic-diseases-in-singapore-and-how-to-manage-them,/en/wedo/wedohub/do-health/3-chronic-diseases-in-singapore-and-how-to-manage-them,Content Hub Article Page,normal,content-hub-article-page
/wedo/wedohub/do-health/3-easy-ways-to-improve-your-familys-health,/en/wedo/wedohub/do-health/3-easy-ways-to-improve-your-familys-health,Content Hub Article Page,normal,content-hub-article-page
/wedo/wedohub/do-health/3-signs-your-kid-is-stressed,/en/wedo/wedohub/do-health/3-signs-your-kid-is-stressed,Content Hub Article Page,normal,content-hub-article-page
/wedo/wedohub/do-health/3-sports-that-burn-a-lot-of-calories,/en/wedo/wedohub/do-health/3-sports-that-burn-a-lot-of-calories,Content Hub Article Page,normal,content-hub-article-page
/wedo/wedohub/do-health/3-surprising-ways-to-achieve-a-healthy-work-life-balance,/en/wedo/wedohub/do-health/3-surprising-ways-to-achieve-a-healthy-work-life-balance,Content Hub Article Page,normal,content-hub-article-page
/wedo/wedohub/do-health/4-benefits-of-microinsurance,/en/wedo/wedohub/do-health/4-benefits-of-microinsurance,Content Hub Article Page,normal,content-hub-article-page
/wedo/wedohub/do-health/4-considerations-when-buying-a-critical-illness-plan,/en/wedo/wedohub/do-health/4-considerations-when-buying-a-critical-illness-plan,Content Hub Article Page,normal,content-hub-article-page
/wedo/wedohub/do-health/4-fun-ways-to-de-stress-at-your-work-desk,/en/wedo/wedohub/do-health/4-fun-ways-to-de-stress-at-your-work-desk,Content Hub Article Page,normal,content-hub-article-page
/wedo/wedohub/do-health/4-health-alerts-to-look-out-for-in-your-aged-parents,/en/wedo/wedohub/do-health/4-health-alerts-to-look-out-for-in-your-aged-parents,Content Hub Article Page,normal,content-hub-article-page
/wedo/wedohub/do-health/4-ways-to-become-more-positive-at-work,/en/wedo/wedohub/do-health/4-ways-to-become-more-positive-at-work,Content Hub Article Page,normal,content-hub-article-page
/wedo/wedohub/do-health/5-ways-technology-is-taking-care-of-our-mental-health,/en/wedo/wedohub/do-health/5-ways-technology-is-taking-care-of-our-mental-health,Content Hub Article Page,normal,content-hub-article-page
/wedo/wedohub/do-health/balance-your-diet-with-wesley-ee,/en/wedo/wedohub/do-health/balance-your-diet-with-wesley-ee,Content Hub Article Page,normal,content-hub-article-page
/wedo/wedohub/do-health/being-proactive-about-health,/en/wedo/wedohub/do-health/being-proactive-about-health,Content Hub Article Page,normal,content-hub-article-page
/wedo/wedohub/do-health/busting-work-related-stress,/en/wedo/wedohub/do-health/busting-work-related-stress,Content Hub Article Page,normal,content-hub-article-page
/wedo/wedohub/do-health/calorie-rich-asians,/en/wedo/wedohub/do-health/calorie-rich-asians,Content Hub Article Page,normal,content-hub-article-page
/wedo/wedohub/do-health/can-young-adults-even-afford-insurance-nowadays,/en/wedo/wedohub/do-health/can-young-adults-even-afford-insurance-nowadays,Content Hub Article Page,normal,content-hub-article-page
/wedo/wedohub/do-health/celebrate-hari-raya-and-stay-healthy,/en/wedo/wedohub/do-health/celebrate-hari-raya-and-stay-healthy,Content Hub Article Page,normal,content-hub-article-page
/wedo/wedohub/do-health/everybodyclub/articles/benefits-of-30-minute-workouts,/en/wedo/wedohub/do-health/everybodyclub/articles/benefits-of-30-minute-workouts,Content Hub Article Page,normal,content-hub-article-page
/wedo/wedohub/do-health/everybodyclub/articles/benefits-of-daily-30-minute-walk,/en/wedo/wedohub/do-health/everybodyclub/articles/benefits-of-daily-30-minute-walk,Content Hub Article Page,normal,content-hub-article-page
/wedo/wedohub/do-health/everybodyclub/articles/benefits-of-switching-from-processed-foods-to-whole-foods,/en/wedo/wedohub/do-health/everybodyclub/articles/benefits-of-switching-from-processed-foods-to-whole-foods,Content Hub Article Page,normal,content-hub-article-page
/wedo/wedohub/do-health/everybodyclub/articles/daily-hawker-food-and-your-health,/en/wedo/wedohub/do-health/everybodyclub/articles/daily-hawker-food-and-your-health,Content Hub Article Page,normal,content-hub-article-page
/wedo/wedohub/do-health/everybodyclub/articles/effects-of-de-stressing,/en/wedo/wedohub/do-health/everybodyclub/articles/effects-of-de-stressing,Content Hub Article Page,normal,content-hub-article-page
/wedo/wedohub/do-health/everybodyclub/articles/effects-of-not-drinking-water-for-a-day,/en/wedo/wedohub/do-health/everybodyclub/articles/effects-of-not-drinking-water-for-a-day,Content Hub Article Page,normal,content-hub-article-page
/wedo/wedohub/do-health/everybodyclub/articles/energy-drinks-health-risks,/en/wedo/wedohub/do-health/everybodyclub/articles/energy-drinks-health-risks,Content Hub Article Page,normal,content-hub-article-page
/wedo/wedohub/do-health/everybodyclub/articles/guide-to-support-your-child-mental-health,/en/wedo/wedohub/do-health/everybodyclub/articles/guide-to-support-your-child-mental-health,Content Hub Article Page,normal,content-hub-article-page
/wedo/wedohub/do-health/everybodyclub/articles/health-risks-of-soda,/en/wedo/wedohub/do-health/everybodyclub/articles/health-risks-of-soda,Content Hub Article Page,normal,content-hub-article-page
/wedo/wedohub/do-health/everybodyclub/articles/how-long-working-hours-affect-your-heart-health,/en/wedo/wedohub/do-health/everybodyclub/articles/how-long-working-hours-affect-your-heart-health,Content Hub Article Page,normal,content-hub-article-page
/wedo/wedohub/do-health/everybodyclub/articles/how-simple-moves-boost-mental-health,/en/wedo/wedohub/do-health/everybodyclub/articles/how-simple-moves-boost-mental-health,Content Hub Article Page,normal,content-hub-article-page
/wedo/wedohub/do-health/everybodyclub/articles/how-sugary-cereals-affect-your-energy-levels,/en/wedo/wedohub/do-health/everybodyclub/articles/how-sugary-cereals-affect-your-energy-levels,Content Hub Article Page,normal,content-hub-article-page
/wedo/wedohub/do-health/everybodyclub/articles/reverse-health-risks-of-sedentary-lifestyle,/en/wedo/wedohub/do-health/everybodyclub/articles/reverse-health-risks-of-sedentary-lifestyle,Content Hub Article Page,normal,content-hub-article-page
/wedo/wedohub/do-health/everybodyclub/articles/skipping-walks-can-affect-long-term-health,/en/wedo/wedohub/do-health/everybodyclub/articles/skipping-walks-can-affect-long-term-health,Content Hub Article Page,normal,content-hub-article-page
/wedo/wedohub/do-health/everybodyclub/articles/what-stress-does-to-your-body,/en/wedo/wedohub/do-health/everybodyclub/articles/what-stress-does-to-your-body,Content Hub Article Page,normal,content-hub-article-page
/wedo/wedohub/do-health/everybodyclub/articles/why-you-should-rethink-skipping-breakfast,/en/wedo/wedohub/do-health/everybodyclub/articles/why-you-should-rethink-skipping-breakfast,Content Hub Article Page,normal,content-hub-article-page
/wedo/wedohub/do-health/everybodyclub/factoids,/en/wedo/wedohub/do-health/everybodyclub/factoids,Content Hub Article Page,normal,content-hub-article-page
/wedo/wedohub/do-health/everybodyclub/glow,/en/wedo/wedohub/do-health/everybodyclub/glow,Content Hub Article Page,normal,content-hub-article-page
/wedo/wedohub/do-health/everybodyclub/gyms/etp-bjj,/en/wedo/wedohub/do-health/everybodyclub/gyms/etp-bjj,Content Hub Article Page,normal,content-hub-article-page
/wedo/wedohub/do-health/everybodyclub/gyms/f45alx,/en/wedo/wedohub/do-health/everybodyclub/gyms/f45alx,Content Hub Article Page,normal,content-hub-article-page
/wedo/wedohub/do-health/everybodyclub/gyms/f45ssw,/en/wedo/wedohub/do-health/everybodyclub/gyms/f45ssw,Content Hub Article Page,normal,content-hub-article-page
/wedo/wedohub/do-health/everybodyclub/gyms/rf,/en/wedo/wedohub/do-health/everybodyclub/gyms/rf,Content Hub Article Page,normal,content-hub-article-page
/wedo/wedohub/do-health/everybodyclub/launch,/en/wedo/wedohub/do-health/everybodyclub/launch,Content Hub Article Page,normal,content-hub-article-page
/wedo/wedohub/do-health/expat-edition-an-essential-guide-to-navigating-health-insurance,/en/wedo/wedohub/do-health/expat-edition-an-essential-guide-to-navigating-health-insurance,Content Hub Article Page,normal,content-hub-article-page
/wedo/wedohub/do-health/expat-edition-common-misconceptions-of-insurance,/en/wedo/wedohub/do-health/expat-edition-common-misconceptions-of-insurance,Content Hub Article Page,normal,content-hub-article-page
/wedo/wedohub/do-health/find-peace-in-nature-with-andrew-chuah,/en/wedo/wedohub/do-health/find-peace-in-nature-with-andrew-chuah,Content Hub Article Page,normal,content-hub-article-page
/wedo/wedohub/do-health/first-health-insurance-you-should-be-getting,/en/wedo/wedohub/do-health/first-health-insurance-you-should-be-getting,Content Hub Article Page,normal,content-hub-article-page
/wedo/wedohub/do-health/four-sweet-uses-for-sugar-thats-not-in-food,/en/wedo/wedohub/do-health/four-sweet-uses-for-sugar-thats-not-in-food,Content Hub Article Page,normal,content-hub-article-page
/wedo/wedohub/do-health/grow-and-go-green-with-wang-shu-fang,/en/wedo/wedohub/do-health/grow-and-go-green-with-wang-shu-fang,Content Hub Article Page,normal,content-hub-article-page
/wedo/wedohub/do-health/guide-to-health-screening-in-singapore,/en/wedo/wedohub/do-health/guide-to-health-screening-in-singapore,Content Hub Article Page,normal,content-hub-article-page
/wedo/wedohub/do-health/healthy-living-tips-for-better-time-management,/en/wedo/wedohub/do-health/healthy-living-tips-for-better-time-management,Content Hub Article Page,normal,content-hub-article-page
/wedo/wedohub/do-health/here-are-4-important-insurance-plans-to-consider-for-your-family,/en/wedo/wedohub/do-health/here-are-4-important-insurance-plans-to-consider-for-your-family,Content Hub Article Page,normal,content-hub-article-page
/wedo/wedohub/do-health/how-do-i-compare-integrated-shield-plans,/en/wedo/wedohub/do-health/how-do-i-compare-integrated-shield-plans,Content Hub Article Page,normal,content-hub-article-page
/wedo/wedohub/do-health/insurance-for-side-effects-of-the-covid-19-vaccine,/en/wedo/wedohub/do-health/insurance-for-side-effects-of-the-covid-19-vaccine,Content Hub Article Page,normal,content-hub-article-page
/wedo/wedohub/do-health/is-your-diet-as-healthy-as-you-think,/en/wedo/wedohub/do-health/is-your-diet-as-healthy-as-you-think,Content Hub Article Page,normal,content-hub-article-page
/wedo/wedohub/do-health/is-your-lifestyle-as-active-as-you-think,/en/wedo/wedohub/do-health/is-your-lifestyle-as-active-as-you-think,Content Hub Article Page,normal,content-hub-article-page
/wedo/wedohub/do-health/keep-calm-and-practise-mindfulness,/en/wedo/wedohub/do-health/keep-calm-and-practise-mindfulness,Content Hub Article Page,normal,content-hub-article-page
/wedo/wedohub/do-health/life-is-sweet-even-without-sugar,/en/wedo/wedohub/do-health/life-is-sweet-even-without-sugar,Content Hub Article Page,normal,content-hub-article-page
/wedo/wedohub/do-health/live-confidently-with-this-comprehensive-guide,/en/wedo/wedohub/do-health/live-confidently-with-this-comprehensive-guide,Content Hub Article Page,normal,content-hub-article-page
/wedo/wedohub/do-health/lowering-cancer-risk-starts-in-the-kitchen,/en/wedo/wedohub/do-health/lowering-cancer-risk-starts-in-the-kitchen,Content Hub Article Page,normal,content-hub-article-page
/wedo/wedohub/do-health/make-the-healthier-choice,/en/wedo/wedohub/do-health/make-the-healthier-choice,Content Hub Article Page,normal,content-hub-article-page
/wedo/wedohub/do-health/mental-wellness-circuit-breaker-or-mental-breaker,/en/wedo/wedohub/do-health/mental-wellness-circuit-breaker-or-mental-breaker,Content Hub Article Page,normal,content-hub-article-page
/wedo/wedohub/do-health/protecting-your-baby-bump-now-and-beyond,/en/wedo/wedohub/do-health/protecting-your-baby-bump-now-and-beyond,Content Hub Article Page,normal,content-hub-article-page
/wedo/wedohub/do-health/ready-for-100-1-in-2-say-they-are-not-healthy-or-wealthy,/en/wedo/wedohub/do-health/ready-for-100-1-in-2-say-they-are-not-healthy-or-wealthy,Content Hub Article Page,normal,content-hub-article-page
/wedo/wedohub/do-health/relaxation-day-2020-5-tips-to-treat-your-body-and-mind,/en/wedo/wedohub/do-health/relaxation-day-2020-5-tips-to-treat-your-body-and-mind,Content Hub Article Page,normal,content-hub-article-page
/wedo/wedohub/do-health/scrap-mc-culture-reap-more-benefits,/en/wedo/wedohub/do-health/scrap-mc-culture-reap-more-benefits,Content Hub Article Page,normal,content-hub-article-page
/wedo/wedohub/do-health/strike-a-balance,/en/wedo/wedohub/do-health/strike-a-balance,Content Hub Article Page,normal,content-hub-article-page
/wedo/wedohub/do-health/the-4-leading-cancers-amongst-singapore-men,/en/wedo/wedohub/do-health/the-4-leading-cancers-amongst-singapore-men,Content Hub Article Page,normal,content-hub-article-page
/wedo/wedohub/do-health/the-rise-of-sustainable-fashion,/en/wedo/wedohub/do-health/the-rise-of-sustainable-fashion,Content Hub Article Page,normal,content-hub-article-page
/wedo/wedohub/do-health/why-expats-in-singapore-need-personal-health-insurance,/en/wedo/wedohub/do-health/why-expats-in-singapore-need-personal-health-insurance,Content Hub Article Page,normal,content-hub-article-page
/wedo/wedohub/do-family/4-secrets-of-communicating-well-with-your-teenager,/en/wedo/wedohub/do-family/4-secrets-of-communicating-well-with-your-teenager,Content Hub Article Page,normal,content-hub-article-page
/wedo/wedohub/do-family/4-ways-to-help-your-dyslexic-child-cope-with-reading,/en/wedo/wedohub/do-family/4-ways-to-help-your-dyslexic-child-cope-with-reading,Content Hub Article Page,normal,content-hub-article-page
/wedo/wedohub/do-family/4-ways-to-teach-your-children-how-to-save-money,/en/wedo/wedohub/do-family/4-ways-to-teach-your-children-how-to-save-money,Content Hub Article Page,normal,content-hub-article-page
/wedo/wedohub/do-family/a-simple-guide-to-drinking-during-the-holidays,/en/wedo/wedohub/do-family/a-simple-guide-to-drinking-during-the-holidays,Content Hub Article Page,normal,content-hub-article-page
/wedo/wedohub/do-family/bonding-with-your-child-in-the-digital-age,/en/wedo/wedohub/do-family/bonding-with-your-child-in-the-digital-age,Content Hub Article Page,normal,content-hub-article-page
/wedo/wedohub/do-family/dealing-with-loneliness-this-holiday-season,/en/wedo/wedohub/do-family/dealing-with-loneliness-this-holiday-season,Content Hub Article Page,normal,content-hub-article-page
/wedo/wedohub/do-family/family-arguments-3-common-pitfalls-and-how-to-avoid-them,/en/wedo/wedohub/do-family/family-arguments-3-common-pitfalls-and-how-to-avoid-them,Content Hub Article Page,normal,content-hub-article-page
/wedo/wedohub/do-family/helping-your-child-cope-with-exam-stress,/en/wedo/wedohub/do-family/helping-your-child-cope-with-exam-stress,Content Hub Article Page,normal,content-hub-article-page
/wedo/wedohub/do-family/how-to-address-the-perils-of-social-media-as-parents,/en/wedo/wedohub/do-family/how-to-address-the-perils-of-social-media-as-parents,Content Hub Article Page,normal,content-hub-article-page
/wedo/wedohub/do-family/how-to-help-your-child-deal-with-exam-results,/en/wedo/wedohub/do-family/how-to-help-your-child-deal-with-exam-results,Content Hub Article Page,normal,content-hub-article-page
/wedo/wedohub/do-family/insurance-plans-for-your-child,/en/wedo/wedohub/do-family/insurance-plans-for-your-child,Content Hub Article Page,normal,content-hub-article-page
/wedo/wedohub/do-family/protect-your-children-with-health-insurance-today,/en/wedo/wedohub/do-family/protect-your-children-with-health-insurance-today,Content Hub Article Page,normal,content-hub-article-page
/wedo/wedohub/do-family/setting-goals-for-the-three-sheeps,/en/wedo/wedohub/do-family/setting-goals-for-the-three-sheeps,Content Hub Article Page,normal,content-hub-article-page
/wedo/wedohub/do-family/the-personal-touch-3-experts-who-can-revamp-your-life,/en/wedo/wedohub/do-family/the-personal-touch-3-experts-who-can-revamp-your-life,Content Hub Article Page,normal,content-hub-article-page
/wedo/wedohub/do-family/the-road-to-personal-professional-improvement,/en/wedo/wedohub/do-family/the-road-to-personal-professional-improvement,Content Hub Article Page,normal,content-hub-article-page
/wedo/wedohub/do-family/the-sandwich-generation-tips-on-achieving-harmony-and-balance,/en/wedo/wedohub/do-family/the-sandwich-generation-tips-on-achieving-harmony-and-balance,Content Hub Article Page,normal,content-hub-article-page
/wedo/wedohub/do-family/what-every-parent-should-know-about-primary-one-registration,/en/wedo/wedohub/do-family/what-every-parent-should-know-about-primary-one-registration,Content Hub Article Page,normal,content-hub-article-page
/wedo/wedohub/do-wealth/3-signs-you-are-living-too-close-to-the-financial-edge,/en/wedo/wedohub/do-wealth/3-signs-you-are-living-too-close-to-the-financial-edge,Content Hub Article Page,normal,content-hub-article-page
/wedo/wedohub/do-wealth/3-ways-to-kick-start-your-legacy-planning,/en/wedo/wedohub/do-wealth/3-ways-to-kick-start-your-legacy-planning,Content Hub Article Page,normal,content-hub-article-page
/wedo/wedohub/do-wealth/4-easy-tips-to-jazz-up-your-resume,/en/wedo/wedohub/do-wealth/4-easy-tips-to-jazz-up-your-resume,Content Hub Article Page,normal,content-hub-article-page
/wedo/wedohub/do-wealth/4-effective-productivity-boosters-at-work,/en/wedo/wedohub/do-wealth/4-effective-productivity-boosters-at-work,Content Hub Article Page,normal,content-hub-article-page
/wedo/wedohub/do-wealth/4-major-financial-decisions-to-make-for-a-growing-family,/en/wedo/wedohub/do-wealth/4-major-financial-decisions-to-make-for-a-growing-family,Content Hub Article Page,normal,content-hub-article-page
/wedo/wedohub/do-wealth/4-smart-ways-to-get-your-finances-into-tip-top-shape,/en/wedo/wedohub/do-wealth/4-smart-ways-to-get-your-finances-into-tip-top-shape,Content Hub Article Page,normal,content-hub-article-page
/wedo/wedohub/do-wealth/4-tips-for-young-adults-to-start-planning-for-their-retirement,/en/wedo/wedohub/do-wealth/4-tips-for-young-adults-to-start-planning-for-their-retirement,Content Hub Article Page,normal,content-hub-article-page
/wedo/wedohub/do-wealth/5-questions-to-ask-your-interviewer-during-a-job-interview,/en/wedo/wedohub/do-wealth/5-questions-to-ask-your-interviewer-during-a-job-interview,Content Hub Article Page,normal,content-hub-article-page
/wedo/wedohub/do-wealth/5-reasons-why-millennials-need-insurance-now,/en/wedo/wedohub/do-wealth/5-reasons-why-millennials-need-insurance-now,Content Hub Article Page,normal,content-hub-article-page
/wedo/wedohub/do-wealth/5-things-to-keep-in-mind-when-buying-endowment-plans-in-singapore,/en/wedo/wedohub/do-wealth/5-things-to-keep-in-mind-when-buying-endowment-plans-in-singapore,Content Hub Article Page,normal,content-hub-article-page
/wedo/wedohub/do-wealth/6-tax-savings-tips-for-working-adults-in-singapore,/en/wedo/wedohub/do-wealth/6-tax-savings-tips-for-working-adults-in-singapore,Content Hub Article Page,normal,content-hub-article-page
/wedo/wedohub/do-wealth/all-you-need-to-know-about-individual-tax-filing,/en/wedo/wedohub/do-wealth/all-you-need-to-know-about-individual-tax-filing,Content Hub Article Page,normal,content-hub-article-page
/wedo/wedohub/do-wealth/bringon100-living-life-on-their-own-terms,/en/wedo/wedohub/do-wealth/bringon100-living-life-on-their-own-terms,Content Hub Article Page,normal,content-hub-article-page
/wedo/wedohub/do-wealth/cultivating-good-financial-habits,/en/wedo/wedohub/do-wealth/cultivating-good-financial-habits,Content Hub Article Page,normal,content-hub-article-page
/wedo/wedohub/do-wealth/diversified-assets-a-fresh-approach-to-ILP-Funds-in-Singapore,/en/wedo/wedohub/do-wealth/diversified-assets-a-fresh-approach-to-ILP-Funds-in-Singapore,Content Hub Article Page,normal,content-hub-article-page
/wedo/wedohub/do-wealth/embracing-a-multi-stage-life,/en/wedo/wedohub/do-wealth/embracing-a-multi-stage-life,Content Hub Article Page,normal,content-hub-article-page
/wedo/wedohub/do-wealth/excuse-me-are-you-a-millennial-time-to-get-financially-sound,/en/wedo/wedohub/do-wealth/excuse-me-are-you-a-millennial-time-to-get-financially-sound,Content Hub Article Page,normal,content-hub-article-page
/wedo/wedohub/do-wealth/fighting-inflation-invest-in-income-and-stay-invested,/en/wedo/wedohub/do-wealth/fighting-inflation-invest-in-income-and-stay-invested,Content Hub Article Page,normal,content-hub-article-page
/wedo/wedohub/do-wealth/fulfilling-dreams-with-financial-planning,/en/wedo/wedohub/do-wealth/fulfilling-dreams-with-financial-planning,Content Hub Article Page,normal,content-hub-article-page
/wedo/wedohub/do-wealth/here-why-singles-need-to-start-thinking-about-retirement-planning-early,/en/wedo/wedohub/do-wealth/here-why-singles-need-to-start-thinking-about-retirement-planning-early,Content Hub Article Page,normal,content-hub-article-page
/wedo/wedohub/do-wealth/how-can-you-insure-and-invest-at-the-same-time,/en/wedo/wedohub/do-wealth/how-can-you-insure-and-invest-at-the-same-time,Content Hub Article Page,normal,content-hub-article-page
/wedo/wedohub/do-wealth/how-to-build-your-golden-nest-egg-with-SRS,/en/wedo/wedohub/do-wealth/how-to-build-your-golden-nest-egg-with-SRS,Content Hub Article Page,normal,content-hub-article-page
/wedo/wedohub/do-wealth/life-insurers-balancing-act-only-gets-harder,/en/wedo/wedohub/do-wealth/life-insurers-balancing-act-only-gets-harder,Content Hub Article Page,normal,content-hub-article-page
/wedo/wedohub/do-wealth/making-your-money-work-for-you,/en/wedo/wedohub/do-wealth/making-your-money-work-for-you,Content Hub Article Page,normal,content-hub-article-page
/wedo/wedohub/do-wealth/manage-your-spending-with-these-3-golden-rules,/en/wedo/wedohub/do-wealth/manage-your-spending-with-these-3-golden-rules,Content Hub Article Page,normal,content-hub-article-page
/wedo/wedohub/do-wealth/navigate-your-financial-future-with-better-planning,/en/wedo/wedohub/do-wealth/navigate-your-financial-future-with-better-planning,Content Hub Article Page,normal,content-hub-article-page
/wedo/wedohub/do-wealth/never-too-early-to-plan-for-retirement,/en/wedo/wedohub/do-wealth/never-too-early-to-plan-for-retirement,Content Hub Article Page,normal,content-hub-article-page
/wedo/wedohub/do-wealth/optimizing-srs-withdrawals,/en/wedo/wedohub/do-wealth/optimizing-srs-withdrawals,Content Hub Article Page,normal,content-hub-article-page
/wedo/wedohub/do-wealth/page component/ArtilceListingCard/New Standard Page Template,/en/wedo/wedohub/do-wealth/page component/ArtilceListingCard/New Standard Page Template,Content Hub Article Page,normal,content-hub-article-page
/wedo/wedohub/do-wealth/peace-of-mind-in-your-golden-years,/en/wedo/wedohub/do-wealth/peace-of-mind-in-your-golden-years,Content Hub Article Page,normal,content-hub-article-page
/wedo/wedohub/do-wealth/saving-for-100-5-things-you-need-to-consider,/en/wedo/wedohub/do-wealth/saving-for-100-5-things-you-need-to-consider,Content Hub Article Page,normal,content-hub-article-page
/wedo/wedohub/do-wealth/saving-for-the-future,/en/wedo/wedohub/do-wealth/saving-for-the-future,Content Hub Article Page,normal,content-hub-article-page
/wedo/wedohub/do-wealth/say-i-do-to-life-insurance,/en/wedo/wedohub/do-wealth/say-i-do-to-life-insurance,Content Hub Article Page,normal,content-hub-article-page
/wedo/wedohub/do-wealth/stand-out-at-your-office-for-the-right-reasons,/en/wedo/wedohub/do-wealth/stand-out-at-your-office-for-the-right-reasons,Content Hub Article Page,normal,content-hub-article-page
/wedo/wedohub/do-wealth/saving-and-investing-wisely,/en/wedo/wedohub/do-wealth/saving-and-investing-wisely,Content Hub Article Page,normal,content-hub-article-page
/wedo/wedolife/do-health/10-superfoods-for-lower-cancer-risk,/en/wedo/wedolife/do-health/10-superfoods-for-lower-cancer-risk,Content Hub Article Page,normal,content-hub-article-page
/wedo/wedolife/do-health/3-chronic-diseases-in-singapore-and-how-to-manage-them,/en/wedo/wedolife/do-health/3-chronic-diseases-in-singapore-and-how-to-manage-them,Content Hub Article Page,normal,content-hub-article-page
/wedo/wedolife/do-health/3-easy-ways-to-improve-your-familys-health,/en/wedo/wedolife/do-health/3-easy-ways-to-improve-your-familys-health,Content Hub Article Page,normal,content-hub-article-page
/wedo/wedolife/do-health/3-signs-your-kid-is-stressed,/en/wedo/wedolife/do-health/3-signs-your-kid-is-stressed,Content Hub Article Page,normal,content-hub-article-page
/wedo/wedolife/do-health/3-sports-that-burn-a-lot-of-calories,/en/wedo/wedolife/do-health/3-sports-that-burn-a-lot-of-calories,Content Hub Article Page,normal,content-hub-article-page
/wedo/wedolife/do-health/3-surprising-ways-to-achieve-a-healthy-work-life-balance,/en/wedo/wedolife/do-health/3-surprising-ways-to-achieve-a-healthy-work-life-balance,Content Hub Article Page,normal,content-hub-article-page
/wedo/wedolife/do-health/4-benefits-of-microinsurance,/en/wedo/wedolife/do-health/4-benefits-of-microinsurance,Content Hub Article Page,normal,content-hub-article-page
/wedo/wedolife/do-health/4-considerations-when-buying-a-critical-illness-plan,/en/wedo/wedolife/do-health/4-considerations-when-buying-a-critical-illness-plan,Content Hub Article Page,normal,content-hub-article-page
/wedo/wedolife/do-health/4-fun-ways-to-de-stress-at-your-work-desk,/en/wedo/wedolife/do-health/4-fun-ways-to-de-stress-at-your-work-desk,Content Hub Article Page,normal,content-hub-article-page
/wedo/wedolife/do-health/4-health-alerts-to-look-out-for-in-your-aged-parents,/en/wedo/wedolife/do-health/4-health-alerts-to-look-out-for-in-your-aged-parents,Content Hub Article Page,normal,content-hub-article-page
/wedo/wedolife/do-health/4-ways-to-become-more-positive-at-work,/en/wedo/wedolife/do-health/4-ways-to-become-more-positive-at-work,Content Hub Article Page,normal,content-hub-article-page
/wedo/wedolife/do-health/5-ways-technology-is-taking-care-of-our-mental-health,/en/wedo/wedolife/do-health/5-ways-technology-is-taking-care-of-our-mental-health,Content Hub Article Page,normal,content-hub-article-page
/wedo/wedolife/do-health/balance-your-diet-with-wesley-ee,/en/wedo/wedolife/do-health/balance-your-diet-with-wesley-ee,Content Hub Article Page,normal,content-hub-article-page
/wedo/wedolife/do-health/being-proactive-about-health,/en/wedo/wedolife/do-health/being-proactive-about-health,Content Hub Article Page,normal,content-hub-article-page
/wedo/wedolife/do-health/busting-work-related-stress,/en/wedo/wedolife/do-health/busting-work-related-stress,Content Hub Article Page,normal,content-hub-article-page
/wedo/wedolife/do-health/calorie-rich-asians,/en/wedo/wedolife/do-health/calorie-rich-asians,Content Hub Article Page,normal,content-hub-article-page
/wedo/wedolife/do-health/can-young-adults-even-afford-insurance-nowadays,/en/wedo/wedolife/do-health/can-young-adults-even-afford-insurance-nowadays,Content Hub Article Page,normal,content-hub-article-page
/wedo/wedolife/do-health/celebrate-hari-raya-and-stay-healthy,/en/wedo/wedolife/do-health/celebrate-hari-raya-and-stay-healthy,Content Hub Article Page,normal,content-hub-article-page
/wedo/wedolife/do-health/find-peace-in-nature-with-andrew-chuah,/en/wedo/wedolife/do-health/find-peace-in-nature-with-andrew-chuah,Content Hub Article Page,normal,content-hub-article-page
/wedo/wedolife/do-health/first-health-insurance-you-should-be-getting,/en/wedo/wedolife/do-health/first-health-insurance-you-should-be-getting,Content Hub Article Page,normal,content-hub-article-page
/wedo/wedolife/do-health/four-sweet-uses-for-sugar-thats-not-in-food,/en/wedo/wedolife/do-health/four-sweet-uses-for-sugar-thats-not-in-food,Content Hub Article Page,normal,content-hub-article-page
/wedo/wedolife/do-health/grow-and-go-green-with-wang-shu-fang,/en/wedo/wedolife/do-health/grow-and-go-green-with-wang-shu-fang,Content Hub Article Page,normal,content-hub-article-page
/wedo/wedolife/do-health/healthy-living-tips-for-better-time-management,/en/wedo/wedolife/do-health/healthy-living-tips-for-better-time-management,Content Hub Article Page,normal,content-hub-article-page
/wedo/wedolife/do-health/here-are-4-important-insurance-plans-to-consider-for-your-family,/en/wedo/wedolife/do-health/here-are-4-important-insurance-plans-to-consider-for-your-family,Content Hub Article Page,normal,content-hub-article-page
/wedo/wedolife/do-health/how-do-i-compare-integrated-shield-plans,/en/wedo/wedolife/do-health/how-do-i-compare-integrated-shield-plans,Content Hub Article Page,normal,content-hub-article-page
/wedo/wedolife/do-health/insurance-for-side-effects-of-the-covid-19-vaccine,/en/wedo/wedolife/do-health/insurance-for-side-effects-of-the-covid-19-vaccine,Content Hub Article Page,normal,content-hub-article-page
/wedo/wedolife/do-health/is-your-diet-as-healthy-as-you-think,/en/wedo/wedolife/do-health/is-your-diet-as-healthy-as-you-think,Content Hub Article Page,normal,content-hub-article-page
/wedo/wedolife/do-health/is-your-lifestyle-as-active-as-you-think,/en/wedo/wedolife/do-health/is-your-lifestyle-as-active-as-you-think,Content Hub Article Page,normal,content-hub-article-page
/wedo/wedolife/do-health/keep-calm-and-practise-mindfulness,/en/wedo/wedolife/do-health/keep-calm-and-practise-mindfulness,Content Hub Article Page,normal,content-hub-article-page
/wedo/wedolife/do-health/life-is-sweet-even-without-sugar,/en/wedo/wedolife/do-health/life-is-sweet-even-without-sugar,Content Hub Article Page,normal,content-hub-article-page
/wedo/wedolife/do-health/live-confidently-with-this-comprehensive-guide,/en/wedo/wedolife/do-health/live-confidently-with-this-comprehensive-guide,Content Hub Article Page,normal,content-hub-article-page
/wedo/wedolife/do-health/lowering-cancer-risk-starts-in-the-kitchen,/en/wedo/wedolife/do-health/lowering-cancer-risk-starts-in-the-kitchen,Content Hub Article Page,normal,content-hub-article-page
/wedo/wedolife/do-health/make-the-healthier-choice,/en/wedo/wedolife/do-health/make-the-healthier-choice,Content Hub Article Page,normal,content-hub-article-page
/wedo/wedolife/do-health/mental-wellness-circuit-breaker-or-mental-breaker,/en/wedo/wedolife/do-health/mental-wellness-circuit-breaker-or-mental-breaker,Content Hub Article Page,normal,content-hub-article-page
/wedo/wedolife/do-health/protecting-your-baby-bump-now-and-beyond,/en/wedo/wedolife/do-health/protecting-your-baby-bump-now-and-beyond,Content Hub Article Page,normal,content-hub-article-page
/wedo/wedolife/do-health/ready-for-100-1-in-2-say-they-are-not-healthy-or-wealthy,/en/wedo/wedolife/do-health/ready-for-100-1-in-2-say-they-are-not-healthy-or-wealthy,Content Hub Article Page,normal,content-hub-article-page
/wedo/wedolife/do-health/relaxation-day-2020-5-tips-to-treat-your-body-and-mind,/en/wedo/wedolife/do-health/relaxation-day-2020-5-tips-to-treat-your-body-and-mind,Content Hub Article Page,normal,content-hub-article-page
/wedo/wedolife/do-health/scrap-mc-culture-reap-more-benefits,/en/wedo/wedolife/do-health/scrap-mc-culture-reap-more-benefits,Content Hub Article Page,normal,content-hub-article-page
/wedo/wedolife/do-health/strike-a-balance,/en/wedo/wedolife/do-health/strike-a-balance,Content Hub Article Page,normal,content-hub-article-page
/wedo/wedolife/do-health/the-4-leading-cancers-amongst-singapore-men,/en/wedo/wedolife/do-health/the-4-leading-cancers-amongst-singapore-men,Content Hub Article Page,normal,content-hub-article-page
/wedo/wedolife/do-health/the-rise-of-sustainable-fashion,/en/wedo/wedolife/do-health/the-rise-of-sustainable-fashion,Content Hub Article Page,normal,content-hub-article-page
/wedo/wedolife/do-family/4-secrets-of-communicating-well-with-your-teenager,/en/wedo/wedolife/do-family/4-secrets-of-communicating-well-with-your-teenager,Content Hub Article Page,normal,content-hub-article-page
/wedo/wedolife/do-family/4-ways-to-help-your-dyslexic-child-cope-with-reading,/en/wedo/wedolife/do-family/4-ways-to-help-your-dyslexic-child-cope-with-reading,Content Hub Article Page,normal,content-hub-article-page
/wedo/wedolife/do-family/4-ways-to-teach-your-children-how-to-save-money,/en/wedo/wedolife/do-family/4-ways-to-teach-your-children-how-to-save-money,Content Hub Article Page,normal,content-hub-article-page
/wedo/wedolife/do-family/a-simple-guide-to-drinking-during-the-holidays,/en/wedo/wedolife/do-family/a-simple-guide-to-drinking-during-the-holidays,Content Hub Article Page,normal,content-hub-article-page
/wedo/wedolife/do-family/bonding-with-your-child-in-the-digital-age,/en/wedo/wedolife/do-family/bonding-with-your-child-in-the-digital-age,Content Hub Article Page,normal,content-hub-article-page
/wedo/wedolife/do-family/family-arguments-3-common-pitfalls-and-how-to-avoid-them,/en/wedo/wedolife/do-family/family-arguments-3-common-pitfalls-and-how-to-avoid-them,Content Hub Article Page,normal,content-hub-article-page
/wedo/wedolife/do-family/helping-your-child-cope-with-exam-stress,/en/wedo/wedolife/do-family/helping-your-child-cope-with-exam-stress,Content Hub Article Page,normal,content-hub-article-page
/wedo/wedolife/do-family/how-to-address-the-perils-of-social-media-as-parents,/en/wedo/wedolife/do-family/how-to-address-the-perils-of-social-media-as-parents,Content Hub Article Page,normal,content-hub-article-page
/wedo/wedolife/do-family/how-to-help-your-child-deal-with-exam-results,/en/wedo/wedolife/do-family/how-to-help-your-child-deal-with-exam-results,Content Hub Article Page,normal,content-hub-article-page
/wedo/wedolife/do-family/insurance-plans-for-your-child,/en/wedo/wedolife/do-family/insurance-plans-for-your-child,Content Hub Article Page,normal,content-hub-article-page
/wedo/wedolife/do-family/protect-your-children-with-health-insurance-today,/en/wedo/wedolife/do-family/protect-your-children-with-health-insurance-today,Content Hub Article Page,normal,content-hub-article-page
/wedo/wedolife/do-family/setting-goals-for-the-three-sheeps,/en/wedo/wedolife/do-family/setting-goals-for-the-three-sheeps,Content Hub Article Page,normal,content-hub-article-page
/wedo/wedolife/do-family/the-personal-touch-3-experts-who-can-revamp-your-life,/en/wedo/wedolife/do-family/the-personal-touch-3-experts-who-can-revamp-your-life,Content Hub Article Page,normal,content-hub-article-page
/wedo/wedolife/do-family/the-road-to-personal-professional-improvement,/en/wedo/wedolife/do-family/the-road-to-personal-professional-improvement,Content Hub Article Page,normal,content-hub-article-page
/wedo/wedolife/do-family/the-sandwich-generation-tips-on-achieving-harmony-and-balance,/en/wedo/wedolife/do-family/the-sandwich-generation-tips-on-achieving-harmony-and-balance,Content Hub Article Page,normal,content-hub-article-page
/wedo/wedolife/do-family/what-every-parent-should-know-about-primary-one-registration,/en/wedo/wedolife/do-family/what-every-parent-should-know-about-primary-one-registration,Content Hub Article Page,normal,content-hub-article-page
/wedo/wedolife/do-wealth,/en/wedo/wedolife/do-wealth,Content Hub Article Page,normal,content-hub-article-page
/wedo/wedolife/do-wealth/3-signs-you-are-living-too-close-to-the-financial-edge,/en/wedo/wedolife/do-wealth/3-signs-you-are-living-too-close-to-the-financial-edge,Content Hub Article Page,normal,content-hub-article-page
/wedo/wedolife/do-wealth/3-ways-to-kick-start-your-legacy-planning,/en/wedo/wedolife/do-wealth/3-ways-to-kick-start-your-legacy-planning,Content Hub Article Page,normal,content-hub-article-page
/wedo/wedolife/do-wealth/4-easy-tips-to-jazz-up-your-resume,/en/wedo/wedolife/do-wealth/4-easy-tips-to-jazz-up-your-resume,Content Hub Article Page,normal,content-hub-article-page
/wedo/wedolife/do-wealth/4-effective-productivity-boosters-at-work,/en/wedo/wedolife/do-wealth/4-effective-productivity-boosters-at-work,Content Hub Article Page,normal,content-hub-article-page
/wedo/wedolife/do-wealth/4-major-financial-decisions-to-make-for-a-growing-family,/en/wedo/wedolife/do-wealth/4-major-financial-decisions-to-make-for-a-growing-family,Content Hub Article Page,normal,content-hub-article-page
/wedo/wedolife/do-wealth/4-smart-ways-to-get-your-finances-into-tip-top-shape,/en/wedo/wedolife/do-wealth/4-smart-ways-to-get-your-finances-into-tip-top-shape,Content Hub Article Page,normal,content-hub-article-page
/wedo/wedolife/do-wealth/4-tips-for-young-adults-to-start-planning-for-their-retirement,/en/wedo/wedolife/do-wealth/4-tips-for-young-adults-to-start-planning-for-their-retirement,Content Hub Article Page,normal,content-hub-article-page
/wedo/wedolife/do-wealth/5-questions-to-ask-your-interviewer-during-a-job-interview,/en/wedo/wedolife/do-wealth/5-questions-to-ask-your-interviewer-during-a-job-interview,Content Hub Article Page,normal,content-hub-article-page
/wedo/wedolife/do-wealth/5-reasons-why-millennials-need-insurance-now,/en/wedo/wedolife/do-wealth/5-reasons-why-millennials-need-insurance-now,Content Hub Article Page,normal,content-hub-article-page
/wedo/wedolife/do-wealth/5-things-to-keep-in-mind-when-buying-endowment-plans-in-singapore,/en/wedo/wedolife/do-wealth/5-things-to-keep-in-mind-when-buying-endowment-plans-in-singapore,Content Hub Article Page,normal,content-hub-article-page
/wedo/wedolife/do-wealth/6-tax-savings-tips-for-working-adults-in-singapore,/en/wedo/wedolife/do-wealth/6-tax-savings-tips-for-working-adults-in-singapore,Content Hub Article Page,normal,content-hub-article-page
/wedo/wedolife/do-wealth/all-you-need-to-know-about-individual-tax-filing,/en/wedo/wedolife/do-wealth/all-you-need-to-know-about-individual-tax-filing,Content Hub Article Page,normal,content-hub-article-page
/wedo/wedolife/do-wealth/bringon100-living-life-on-their-own-terms,/en/wedo/wedolife/do-wealth/bringon100-living-life-on-their-own-terms,Content Hub Article Page,normal,content-hub-article-page
/wedo/wedolife/do-wealth/cultivating-good-financial-habits,/en/wedo/wedolife/do-wealth/cultivating-good-financial-habits,Content Hub Article Page,normal,content-hub-article-page
/wedo/wedolife/do-wealth/embracing-a-multi-stage-life,/en/wedo/wedolife/do-wealth/embracing-a-multi-stage-life,Content Hub Article Page,normal,content-hub-article-page
/wedo/wedolife/do-wealth/excuse-me-are-you-a-millennial-time-to-get-financially-sound,/en/wedo/wedolife/do-wealth/excuse-me-are-you-a-millennial-time-to-get-financially-sound,Content Hub Article Page,normal,content-hub-article-page
/wedo/wedolife/do-wealth/fulfilling-dreams-with-financial-planning,/en/wedo/wedolife/do-wealth/fulfilling-dreams-with-financial-planning,Content Hub Article Page,normal,content-hub-article-page
/wedo/wedolife/do-wealth/here-why-singles-need-to-start-thinking-about-retirement-planning-early,/en/wedo/wedolife/do-wealth/here-why-singles-need-to-start-thinking-about-retirement-planning-early,Content Hub Article Page,normal,content-hub-article-page
/wedo/wedolife/do-wealth/how-can-you-insure-and-invest-at-the-same-time,/en/wedo/wedolife/do-wealth/how-can-you-insure-and-invest-at-the-same-time,Content Hub Article Page,normal,content-hub-article-page
/wedo/wedolife/do-wealth/how-to-build-your-golden-nest-egg-with-SRS,/en/wedo/wedolife/do-wealth/how-to-build-your-golden-nest-egg-with-SRS,Content Hub Article Page,normal,content-hub-article-page
/wedo/wedolife/do-wealth/life-insurers-balancing-act-only-gets-harder,/en/wedo/wedolife/do-wealth/life-insurers-balancing-act-only-gets-harder,Content Hub Article Page,normal,content-hub-article-page
/wedo/wedolife/do-wealth/manage-your-spending-with-these-3-golden-rules,/en/wedo/wedolife/do-wealth/manage-your-spending-with-these-3-golden-rules,Content Hub Article Page,normal,content-hub-article-page
/wedo/wedolife/do-wealth/navigate-your-financial-future-with-better-planning,/en/wedo/wedolife/do-wealth/navigate-your-financial-future-with-better-planning,Content Hub Article Page,normal,content-hub-article-page
/wedo/wedolife/do-wealth/never-too-early-to-plan-for-retirement,/en/wedo/wedolife/do-wealth/never-too-early-to-plan-for-retirement,Content Hub Article Page,normal,content-hub-article-page
/wedo/wedolife/do-wealth/optimizing-srs-withdrawals,/en/wedo/wedolife/do-wealth/optimizing-srs-withdrawals,Content Hub Article Page,normal,content-hub-article-page
/wedo/wedolife/do-wealth/page-component/ArtilceListingCard/New-Standard-Page-Template,/en/wedo/wedolife/do-wealth/page-component/ArtilceListingCard/New-Standard-Page-Template,Content Hub Article Page,normal,content-hub-article-page
/wedo/wedolife/do-wealth/peace-of-mind-in-your-golden-years,/en/wedo/wedolife/do-wealth/peace-of-mind-in-your-golden-years,Content Hub Article Page,normal,content-hub-article-page
/wedo/wedolife/do-wealth/saving-for-100-5-things-you-need-to-consider,/en/wedo/wedolife/do-wealth/saving-for-100-5-things-you-need-to-consider,Content Hub Article Page,normal,content-hub-article-page
/wedo/wedolife/do-wealth/saving-for-the-future,/en/wedo/wedolife/do-wealth/saving-for-the-future,Content Hub Article Page,normal,content-hub-article-page
/wedo/wedolife/do-wealth/say-i-do-to-life-insurance,/en/wedo/wedolife/do-wealth/say-i-do-to-life-insurance,Content Hub Article Page,normal,content-hub-article-page
/wedo/wedolife/do-wealth/stand-out-at-your-office-for-the-right-reasons,/en/wedo/wedolife/do-wealth/stand-out-at-your-office-for-the-right-reasons,Content Hub Article Page,normal,content-hub-article-page
/wedo/wedolife/do-wealth/saving-and-investing-wisely,/en/wedo/wedolife/do-wealth/saving-and-investing-wisely,Content Hub Article Page,normal,content-hub-article-page
/wedo/wedolife/jointhetribe-get-in-touch,/en/wedo/wedolife/jointhetribe-get-in-touch,Content Hub Article Page,normal,content-hub-article-page
/wedo/wedo-wellness-social-media-giveaway-tnc,/en/wedo/wedo-wellness-social-media-giveaway-tnc,Content Hub Article Page,normal,content-hub-article-page
